race_id,race_date,track_code,horse,umaban,waku,jockey,pred_win_norm,pred_top3_norm,pred_win_rank,pred_top3_rank,mark,ai_score,stability,gap_from_top,rank_diff,market_rank,waku_fit,value_tag,race_competitiveness,course_fav_win_pct,track_name,race_number,race_name,post_time,odds_win,expected_value
202606040801,2026-09-26,6,アルビオンライズ,1,1,ミシェル,0.15458258842731587,0.30451642070135376,1,1,◎,100.0,1.97,0.0,0.0,1.0,0.91,過剰人気,6.3,33.5,中山,1,２歳未勝利,09:45,2.2,0.34
202606040801,2026-09-26,6,ハイトラクション,10,7,長浜,0.1089029420919482,0.24863856905099738,2,5,○,73.0,2.28,4.6,5.0,7.0,1.1,妙味大,6.3,33.5,中山,1,２歳未勝利,09:45,23.0,2.5
202606040801,2026-09-26,6,クリアマインド,6,5,原,0.09164106955824285,0.25184597877983744,3,4,▲,64.0,2.75,6.3,7.0,10.0,0.99,妙味大,6.3,33.5,中山,1,２歳未勝利,09:45,171.8,15.74
202606040801,2026-09-26,6,アイビーカイロス,9,6,木幡巧,0.07979591970328061,0.26131392238136303,4,3,△,59.0,3.27,7.5,1.0,5.0,0.99,過剰人気,6.3,33.5,中山,1,２歳未勝利,09:45,9.2,0.73
202606040801,2026-09-26,6,アンミツ,3,3,小林美,0.07668010416772553,0.2646466978818453,5,2,△,58.0,3.45,7.8,-1.0,4.0,0.99,過剰人気,6.3,33.5,中山,1,２歳未勝利,09:45,5.7,0.44
202606040801,2026-09-26,6,スヴァラ,8,6,原田和,0.07534077531442374,0.21513049606183823,6,9,,54.0,2.86,7.9,5.0,11.0,0.99,妙味大,6.3,33.5,中山,1,２歳未勝利,09:45,200.5,15.11
202606040801,2026-09-26,6,コウソクレムリア,5,4,黛,0.0745059111653799,0.2421723758170622,7,6,,55.0,3.25,8.0,1.0,8.0,0.99,妙味大,6.3,33.5,中山,1,２歳未勝利,09:45,32.3,2.41
202606040801,2026-09-26,6,トパーズヘッド,2,2,菅原隆,0.06314247843284126,0.18563706725977108,8,13,,45.0,2.94,9.1,4.0,12.0,0.91,妙味大,6.3,33.5,中山,1,２歳未勝利,09:45,271.8,17.16
202606040801,2026-09-26,6,リコルディオーロ,4,4,佐藤,0.06304545935647766,0.2167606915214854,9,8,,47.0,3.44,9.2,-6.0,3.0,0.99,過剰人気,6.3,33.5,中山,1,２歳未勝利,09:45,5.6,0.35
202606040801,2026-09-26,6,ヴァンデエス,7,5,杉原,0.05940269343204981,0.2182084358174523,10,7,,46.0,3.67,9.5,3.0,13.0,0.99,妙味大,6.3,33.5,中山,1,２歳未勝利,09:45,364.6,21.66
202606040801,2026-09-26,6,ハクタカ,11,7,内田博,0.05415880367175217,0.1941541972480347,11,12,,41.0,3.58,10.0,-2.0,9.0,1.1,妙味大,6.3,33.5,中山,1,２歳未勝利,09:45,134.9,7.31
202606040801,2026-09-26,6,アーバーバイティ,12,8,嶋田,0.05060924776047418,0.19632866706381064,12,11,,40.0,3.88,10.4,-10.0,2.0,1.1,過剰人気,6.3,33.5,中山,1,２歳未勝利,09:45,4.7,0.24
202606040801,2026-09-26,6,ファイアリーボルト,13,8,菊沢,0.048192006918088275,0.20064648041514843,13,10,,39.0,4.16,10.6,-7.0,6.0,1.1,妙味あり,6.3,33.5,中山,1,２歳未勝利,09:45,21.5,1.04
202606040802,2026-09-26,6,ウィルステート,8,6,ルメール,0.22550985285185088,0.3804866996615677,1,1,◎,100.0,1.69,0.0,1.0,2.0,0.97,妥当,9.5,34.0,中山,2,２歳未勝利,10:15,3.5,0.79
202606040802,2026-09-26,6,ハンサム,11,8,丹内,0.13895037574932503,0.30762362876406324,2,3,○,65.0,2.21,8.7,2.0,4.0,0.95,過剰人気,9.5,34.0,中山,2,２歳未勝利,10:15,5.3,0.74
202606040802,2026-09-26,6,マルスフィス,2,2,岩田康,0.13001587683904428,0.31785108391009065,3,2,▲,63.0,2.44,9.5,5.0,8.0,1.07,妙味大,9.5,34.0,中山,2,２歳未勝利,10:15,28.3,3.68
202606040802,2026-09-26,6,ヴェントリナ,10,7,津村,0.10805067175895376,0.2952554284675002,4,4,△,54.0,2.73,11.7,-1.0,3.0,0.95,過剰人気,9.5,34.0,中山,2,２歳未勝利,10:15,3.9,0.42
202606040802,2026-09-26,6,タッカーヴィーチェ,4,4,丸山,0.07118958945841167,0.2544152049501985,5,5,△,38.0,3.57,15.4,1.0,6.0,0.97,妙味大,9.5,34.0,中山,2,２歳未勝利,10:15,26.3,1.87
202606040802,2026-09-26,6,リオンパリス,6,5,木幡巧,0.058083121825914415,0.22828634614722018,6,7,,32.0,3.93,16.7,5.0,11.0,0.97,妙味大,9.5,34.0,中山,2,２歳未勝利,10:15,169.9,9.87
202606040802,2026-09-26,6,エコロテラ,9,7,菊沢,0.0524869366887196,0.24932570812482127,7,6,,31.0,4.75,17.3,0.0,7.0,0.95,妙味大,9.5,34.0,中山,2,２歳未勝利,10:15,27.8,1.46
202606040802,2026-09-26,6,ブラックナザレ,1,1,小崎,0.049541433981772326,0.22707107182736577,8,8,,29.0,4.58,17.6,2.0,10.0,1.07,妙味大,9.5,34.0,中山,2,２歳未勝利,10:15,120.3,5.96
202606040802,2026-09-26,6,サムワンユーラヴド,7,6,小林美,0.049185132992236064,0.21289392468085225,9,9,,28.0,4.33,17.6,-4.0,5.0,0.97,過剰人気,9.5,34.0,中山,2,２歳未勝利,10:15,11.8,0.58
202606040802,2026-09-26,6,リキマル,12,8,原,0.04594087770561772,0.18550008549148186,10,10,,26.0,4.04,18.0,-1.0,9.0,0.95,妙味大,9.5,34.0,中山,2,２歳未勝利,10:15,41.6,1.91
202606040802,2026-09-26,6,ニーナラルゴ,3,3,原田和,0.03991829850312155,0.16760312287432585,11,12,,23.0,4.2,18.6,-10.0,1.0,0.97,過剰人気,9.5,34.0,中山,2,２歳未勝利,10:15,3.4,0.14
202606040802,2026-09-26,6,オシゴリ,5,5,内田博,0.031127831645032612,0.17368769510051243,12,11,,20.0,5.58,19.4,0.0,12.0,0.97,妙味大,9.5,34.0,中山,2,２歳未勝利,10:15,265.0,8.25
202606040803,2026-09-26,6,プラチナリーフ,5,3,ルメール,0.1594959241325311,0.2773792229786983,1,1,◎,100.0,1.74,0.0,1.0,2.0,0.99,過剰人気,5.3,33.6,中山,3,２歳新馬,10:45,3.8,0.61
202606040803,2026-09-26,6,モルスリール,3,2,戸崎圭,0.12043143985680128,0.26356018563266254,2,2,○,79.0,2.19,3.9,-1.0,1.0,0.87,過剰人気,5.3,33.6,中山,3,２歳新馬,10:45,2.6,0.31
202606040803,2026-09-26,6,ブルーサンタ,8,4,ミシェル,0.1061299020247445,0.23395221876042524,3,3,▲,70.0,2.2,5.3,2.0,5.0,0.99,妥当,5.3,33.6,中山,3,２歳新馬,10:45,9.2,0.98
202606040803,2026-09-26,6,ジェイエルバージ,15,8,田辺,0.08806371669058193,0.23273205094964441,4,4,△,61.0,2.64,7.1,2.0,6.0,1.14,妙味大,5.3,33.6,中山,3,２歳新馬,10:45,22.6,1.99
202606040803,2026-09-26,6,ココル,16,8,横山和,0.07109796569522106,0.21065606849082807,5,5,△,51.0,2.96,8.8,4.0,9.0,1.14,妙味大,5.3,33.6,中山,3,２歳新馬,10:45,31.6,2.25
202606040803,2026-09-26,6,ゼットターム,12,6,武藤,0.05592468518315833,0.20603220579310041,6,6,,43.0,3.68,10.4,1.0,7.0,0.99,妙味あり,5.3,33.6,中山,3,２歳新馬,10:45,22.9,1.28
202606040803,2026-09-26,6,スパーキー,7,4,杉原,0.05158788915086512,0.16878264888171327,7,10,,38.0,3.27,10.8,4.0,11.0,0.99,妙味大,5.3,33.6,中山,3,２歳新馬,10:45,43.1,2.22
202606040803,2026-09-26,6,セイトゥゴールド,10,5,原田和,0.0495735053321801,0.14702599133203392,8,12,,35.0,2.97,11.0,7.0,15.0,0.99,妙味大,5.3,33.6,中山,3,２歳新馬,10:45,214.0,10.61
202606040803,2026-09-26,6,ボスヒッツ,13,7,江田照,0.047402811335901227,0.19456287785657916,9,7,,38.0,4.1,11.2,-6.0,3.0,1.14,過剰人気,5.3,33.6,中山,3,２歳新馬,10:45,7.1,0.34
202606040803,2026-09-26,6,ブリッド,6,3,横山琉,0.0454816821176735,0.14286952372153572,10,13,,33.0,3.14,11.4,6.0,16.0,0.99,妙味大,5.3,33.6,中山,3,２歳新馬,10:45,215.1,9.78
202606040803,2026-09-26,6,アイビーナツユメ,14,7,木幡巧,0.04117349762995831,0.18894889882659874,11,9,,34.0,4.59,11.8,1.0,12.0,1.14,妙味大,5.3,33.6,中山,3,２歳新馬,10:45,55.3,2.28
202606040803,2026-09-26,6,ロイヤルグルーヴ,1,1,小林美,0.038799424442808074,0.19397813281899332,12,8,,33.0,5.0,12.1,-4.0,8.0,0.87,妙味あり,5.3,33.6,中山,3,２歳新馬,10:45,28.5,1.11
202606040803,2026-09-26,6,ツイストマインド,9,5,内田博,0.036657566399305994,0.15860045561624306,13,11,,30.0,4.33,12.3,-9.0,4.0,0.99,過剰人気,5.3,33.6,中山,3,２歳新馬,10:45,9.0,0.33
202606040803,2026-09-26,6,オレガイチバンイイ,11,6,原,0.03538870735484532,0.14015517827453533,14,15,,28.0,3.96,12.4,0.0,14.0,0.99,妙味大,5.3,33.6,中山,3,２歳新馬,10:45,92.6,3.28
202606040803,2026-09-26,6,コパノキラキラ,4,2,柴田大,0.033071110792697284,0.14108506575278892,15,14,,27.0,4.27,12.6,-5.0,10.0,0.87,妙味あり,5.3,33.6,中山,3,２歳新馬,10:45,38.8,1.28
202606040803,2026-09-26,6,ドナミモザ,2,1,長浜,0.019720171860726766,0.09967927431362011,16,16,,17.0,5.05,14.0,-3.0,13.0,0.87,妙味あり,5.3,33.6,中山,3,２歳新馬,10:45,64.7,1.28
202606040804,2026-09-26,6,メイショウソムリエ,2,2,大江圭,0.24649031061229257,0.6127842031377954,1,1,◎,100.0,2.49,0.0,1.0,2.0,,妥当,5.5,,中山,4,清秋ジャンプＳ(OP),11:20,3.5,0.86
202606040804,2026-09-26,6,トゥラッタッタ,4,4,五十嵐,0.21851565174967896,0.5524543263696349,2,3,○,89.0,2.53,2.8,3.0,5.0,,妙味大,5.5,,中山,4,清秋ジャンプＳ(OP),11:20,9.1,1.99
202606040804,2026-09-26,6,プラチナトレジャー,1,1,伴,0.19129722970352392,0.5644883679882964,3,2,▲,81.0,2.95,5.5,0.0,3.0,,過剰人気,5.5,,中山,4,清秋ジャンプＳ(OP),11:20,3.6,0.69
202606040804,2026-09-26,6,ネビーイーム,3,3,小牧加,0.14808623387184866,0.5231440336914228,4,4,△,67.0,3.53,9.8,-3.0,1.0,,過剰人気,5.5,,中山,4,清秋ジャンプＳ(OP),11:20,2.9,0.43
202606040804,2026-09-26,6,コレクテイニア,5,5,上野,0.123075763643913,0.44874701404394074,5,5,△,56.0,3.65,12.3,-1.0,4.0,,過剰人気,5.5,,中山,4,清秋ジャンプＳ(OP),11:20,4.2,0.52
202606040804,2026-09-26,6,アクロスザリバー,6,6,坂口,0.07253481041874285,0.2983820547689094,6,6,,34.0,4.11,17.4,0.0,6.0,,妙味大,5.5,,中山,4,清秋ジャンプＳ(OP),11:20,62.6,4.54
202606040805,2026-09-26,6,シダモフレイバー,14,8,戸崎圭,0.18221059892566435,0.3347425049572884,1,1,◎,100.0,1.84,0.0,5.0,6.0,1.05,妙味大,6.5,29.6,中山,5,２歳新馬,12:10,18.3,3.33
202606040805,2026-09-26,6,ジャロロッソ,12,7,ルメール,0.13305223207029448,0.28137970756619546,2,3,○,75.0,2.11,4.9,-1.0,1.0,1.05,過剰人気,6.5,29.6,中山,5,２歳新馬,12:10,2.2,0.29
202606040805,2026-09-26,6,ペプチドデバイス,10,6,横山武,0.11719400118061003,0.2879688550837966,3,2,▲,69.0,2.46,6.5,-1.0,2.0,1.01,過剰人気,6.5,29.6,中山,5,２歳新馬,12:10,2.8,0.33
202606040805,2026-09-26,6,エバーラスティング,2,2,小林美,0.08480114060935183,0.27555405070808936,4,4,△,54.0,3.25,9.7,3.0,7.0,0.93,妙味大,6.5,29.6,中山,5,２歳新馬,12:10,27.7,2.35
202606040805,2026-09-26,6,ゾネンバーデン,11,7,柴田大,0.06478777756219031,0.21693948071128497,5,6,△,42.0,3.35,11.7,6.0,11.0,1.05,妙味大,6.5,29.6,中山,5,２歳新馬,12:10,54.7,3.54
202606040805,2026-09-26,6,ヴァイスリッター,3,3,江田照,0.0646093127059235,0.21935440575339693,6,5,,42.0,3.4,11.8,8.0,14.0,1.01,妙味大,6.5,29.6,中山,5,２歳新馬,12:10,162.0,10.47
202606040805,2026-09-26,6,ニシノカチオトコ,5,4,原田和,0.05537526039489647,0.2035827496705562,7,9,,37.0,3.68,12.7,-2.0,5.0,1.01,妥当,6.5,29.6,中山,5,２歳新馬,12:10,17.1,0.95
202606040805,2026-09-26,6,レックスダミアーニ,1,1,長浜,0.05461545882702363,0.19018068012637426,8,10,,36.0,3.48,12.8,2.0,10.0,0.93,妙味大,6.5,29.6,中山,5,２歳新馬,12:10,46.1,2.52
202606040805,2026-09-26,6,ブンブクチャガマ,6,4,嶋田,0.05460938331879098,0.2036401362965512,9,8,,36.0,3.73,12.8,-6.0,3.0,1.01,過剰人気,6.5,29.6,中山,5,２歳新馬,12:10,10.3,0.56
202606040805,2026-09-26,6,スペーストラベラー,7,5,菊沢,0.04871380546961792,0.209236763887145,10,7,,34.0,4.3,13.3,2.0,12.0,1.01,妙味大,6.5,29.6,中山,5,２歳新馬,12:10,58.6,2.85
202606040805,2026-09-26,6,サヴィッジブロウ,13,8,原,0.04077939490714983,0.14913231846849803,11,11,,27.0,3.66,14.1,-2.0,9.0,1.05,妙味大,6.5,29.6,中山,5,２歳新馬,12:10,38.2,1.56
202606040805,2026-09-26,6,ブーケフォーミー,8,5,横山琉,0.040653736582922845,0.14759823713722314,12,12,,27.0,3.63,14.2,-4.0,8.0,1.01,妙味大,6.5,29.6,中山,5,２歳新馬,12:10,35.9,1.46
202606040805,2026-09-26,6,フェイマスジャズ,4,3,杉原,0.03542115176274596,0.14666286871090348,13,13,,25.0,4.14,14.7,-9.0,4.0,1.01,過剰人気,6.5,29.6,中山,5,２歳新馬,12:10,11.9,0.42
202606040805,2026-09-26,6,ハナミヤビ,9,6,木幡巧,0.023176745682817832,0.13402724092269708,14,14,,18.0,5.78,15.9,-1.0,13.0,1.01,妙味大,6.5,29.6,中山,5,２歳新馬,12:10,82.1,1.9
202606040806,2026-09-26,6,ミアルーチェ,1,1,小林美,0.23948576891669474,0.6218094101818422,1,1,◎,100.0,2.6,0.0,2.0,3.0,0.87,妙味大,9.0,33.6,中山,6,３歳以上１勝クラス,12:40,7.9,1.89
202606040806,2026-09-26,6,サラサチャチャチャ,4,4,丹内,0.20622077445930243,0.5401175605936333,2,2,○,86.0,2.62,3.3,0.0,2.0,0.99,過剰人気,9.0,33.6,中山,6,３歳以上１勝クラス,12:40,2.7,0.56
202606040806,2026-09-26,6,ノーブルクラウド,3,3,原,0.14914755329620488,0.4330128462015307,3,3,▲,64.0,2.9,9.0,1.0,4.0,0.99,妙味大,9.0,33.6,中山,6,３歳以上１勝クラス,12:40,8.8,1.31
202606040806,2026-09-26,6,リュミナーズ,7,7,長浜,0.12773798742750747,0.33230893030167524,4,6,△,53.0,2.6,11.2,1.0,5.0,1.14,妙味大,9.0,33.6,中山,6,３歳以上１勝クラス,12:40,10.4,1.33
202606040806,2026-09-26,6,ベルフィーヌ,6,6,丸田,0.11764266200597055,0.4028966466097792,5,4,△,53.0,3.42,12.2,2.0,7.0,0.99,妙味大,9.0,33.6,中山,6,３歳以上１勝クラス,12:40,60.4,7.11
202606040806,2026-09-26,6,キューティリップ,5,5,武藤,0.09346839356123704,0.3605117730942195,6,5,,44.0,3.86,14.6,0.0,6.0,0.99,妙味大,9.0,33.6,中山,6,３歳以上１勝クラス,12:40,14.8,1.38
202606040806,2026-09-26,6,ストーリーオブラブ,2,2,江田照,0.06629686033308296,0.30934283301732,7,7,,34.0,4.67,17.3,-6.0,1.0,0.87,過剰人気,9.0,33.6,中山,6,３歳以上１勝クラス,12:40,2.1,0.14
202606040807,2026-09-26,6,ダノンファンスター,6,3,ルメール,0.1355051458759718,0.25969551441471417,1,1,◎,100.0,1.92,0.0,0.0,1.0,0.99,過剰人気,2.9,32.7,中山,7,３歳以上１勝クラス,13:10,1.7,0.23
202606040807,2026-09-26,6,ヴァルカンテソーロ,17,8,戸崎圭,0.10905680473364346,0.24132172220895862,2,3,○,83.0,2.21,2.6,1.0,3.0,0.97,妥当,2.9,32.7,中山,7,３歳以上１勝クラス,13:10,8.8,0.96
202606040807,2026-09-26,6,マイバラード,1,1,遠藤,0.106490893039628,0.23739552997771154,3,4,▲,81.0,2.23,2.9,8.0,11.0,1.04,妙味大,2.9,32.7,中山,7,３歳以上１勝クラス,13:10,44.2,4.71
202606040807,2026-09-26,6,ロスパレドネス,11,6,津村,0.10570262649982343,0.24197753158888136,4,2,△,81.0,2.29,3.0,6.0,10.0,0.99,妙味大,2.9,32.7,中山,7,３歳以上１勝クラス,13:10,25.4,2.68
202606040807,2026-09-26,6,ミッドセンチュリー,16,8,嶋田,0.0918193907339464,0.2205813754378167,5,5,△,71.0,2.4,4.4,-3.0,2.0,0.97,妥当,2.9,32.7,中山,7,３歳以上１勝クラス,13:10,8.7,0.8
202606040807,2026-09-26,6,リアルショット,8,4,木幡巧,0.058607404297701685,0.20464748831895874,6,6,,51.0,3.49,7.7,10.0,16.0,0.99,妙味大,2.9,32.7,中山,7,３歳以上１勝クラス,13:10,353.7,20.73
202606040807,2026-09-26,6,マイネルクオリア,2,1,丹内,0.05355325315418638,0.17683886491167455,7,8,,46.0,3.3,8.2,-3.0,4.0,1.04,過剰人気,2.9,32.7,中山,7,３歳以上１勝クラス,13:10,11.8,0.63
202606040807,2026-09-26,6,カテドラルクォーツ,13,7,岩田康,0.04923861416797255,0.18176116674270826,8,7,,44.0,3.69,8.6,0.0,8.0,0.97,妙味あり,2.9,32.7,中山,7,３歳以上１勝クラス,13:10,21.6,1.06
202606040807,2026-09-26,6,グランアルト,7,4,横山琉,0.04279475050293431,0.1678755421806084,9,9,,39.0,3.92,9.3,3.0,12.0,0.99,妙味大,2.9,32.7,中山,7,３歳以上１勝クラス,13:10,46.9,2.01
202606040807,2026-09-26,6,ハードワーカー,15,7,江田照,0.03596890207980384,0.13216451544367844,10,11,,32.0,3.67,10.0,5.0,15.0,0.97,妙味大,2.9,32.7,中山,7,３歳以上１勝クラス,13:10,162.1,5.83
202606040807,2026-09-26,6,ルンベーラ,12,6,佐々木,0.030637288590578318,0.11149337226013216,11,17,,27.0,3.64,10.5,-6.0,5.0,0.99,過剰人気,2.9,32.7,中山,7,３歳以上１勝クラス,13:10,16.4,0.5
202606040807,2026-09-26,6,キングプロフィット,18,8,石田,0.02991365240207213,0.1306712423132394,12,12,,28.0,4.37,10.6,6.0,18.0,0.97,妙味大,2.9,32.7,中山,7,３歳以上１勝クラス,13:10,424.5,12.7
202606040807,2026-09-26,6,ベルウッドバイオ,5,3,長浜,0.029910202945559346,0.12612974642766894,13,13,,28.0,4.22,10.6,-6.0,7.0,0.99,過剰人気,2.9,32.7,中山,7,３歳以上１勝クラス,13:10,21.0,0.63
202606040807,2026-09-26,6,リーゼノアール,9,5,原,0.02933071070099753,0.13843960645801442,14,10,,28.0,4.72,10.6,0.0,14.0,0.99,妙味大,2.9,32.7,中山,7,３歳以上１勝クラス,13:10,145.5,4.27
202606040807,2026-09-26,6,タイキアロハ,14,7,菊沢,0.026372726285054385,0.12561710020266417,15,14,,26.0,4.76,10.9,-2.0,13.0,0.97,妙味大,2.9,32.7,中山,7,３歳以上１勝クラス,13:10,134.3,3.54
202606040807,2026-09-26,6,サクラアドリア,3,2,田辺,0.025886335833678952,0.11523533658185715,16,16,,25.0,4.45,11.0,-10.0,6.0,1.04,過剰人気,2.9,32.7,中山,7,３歳以上１勝クラス,13:10,19.7,0.51
202606040807,2026-09-26,6,ペプチドドリーム,10,5,野中,0.02379319854059438,0.11846055650803287,17,15,,24.0,4.98,11.2,-8.0,9.0,0.99,過剰人気,2.9,32.7,中山,7,３歳以上１勝クラス,13:10,22.3,0.53
202606040807,2026-09-26,6,ジンガー,4,2,柴田大,0.015418099615853106,0.06969378802268064,18,18,,15.0,4.52,12.0,-1.0,17.0,1.04,妙味大,2.9,32.7,中山,7,３歳以上１勝クラス,13:10,360.1,5.55
202606040808,2026-09-26,6,ラルフテソーロ,4,2,丹内,0.11607070200491072,0.2512109394293171,1,1,◎,100.0,2.16,0.0,2.0,3.0,0.91,過剰人気,2.3,33.5,中山,8,３歳以上１勝クラス,13:40,6.3,0.73
202606040808,2026-09-26,6,ステラノヴァ,3,2,横山和,0.11362096057797343,0.2510186127007322,2,2,○,98.0,2.21,0.2,4.0,6.0,0.91,妙味大,2.3,33.5,中山,8,３歳以上１勝クラス,13:40,14.6,1.66
202606040808,2026-09-26,6,トモジャシーマ,7,4,津村,0.09328272874071214,0.24056709434209386,3,3,▲,84.0,2.58,2.3,2.0,5.0,0.99,妥当,2.3,33.5,中山,8,３歳以上１勝クラス,13:40,9.6,0.9
202606040808,2026-09-26,6,ソニックブレイカー,12,6,横山武,0.0880208986324724,0.23438047259116113,4,5,△,80.0,2.66,2.8,-3.0,1.0,0.99,過剰人気,2.3,33.5,中山,8,３歳以上１勝クラス,13:40,2.3,0.2
202606040808,2026-09-26,6,ビアフォーナウ,2,1,小林美,0.08004277103794621,0.23653939253186587,5,4,△,75.0,2.96,3.6,6.0,11.0,0.91,妙味大,2.3,33.5,中山,8,３歳以上１勝クラス,13:40,76.5,6.12
202606040808,2026-09-26,6,リゾートライン,11,6,原,0.06435056004642861,0.17045395870664212,6,11,,58.0,2.65,5.2,-2.0,4.0,0.99,過剰人気,2.3,33.5,中山,8,３歳以上１勝クラス,13:40,8.1,0.52
202606040808,2026-09-26,6,スマートブル,14,7,石田,0.05848331192880702,0.17627792372516843,7,10,,55.0,3.01,5.8,1.0,8.0,1.1,妙味大,2.3,33.5,中山,8,３歳以上１勝クラス,13:40,22.4,1.31
202606040808,2026-09-26,6,ミラビリオン,13,7,佐々木,0.05621128686304477,0.18334778313763322,8,7,,54.0,3.26,6.0,1.0,9.0,1.1,妙味大,2.3,33.5,中山,8,３歳以上１勝クラス,13:40,27.8,1.56
202606040808,2026-09-26,6,マイネルブリオン,9,5,菊沢,0.051683875617762755,0.2021974831760824,9,6,,53.0,3.91,6.4,3.0,12.0,0.99,妙味大,2.3,33.5,中山,8,３歳以上１勝クラス,13:40,132.4,6.84
202606040808,2026-09-26,6,コウジハラ,1,1,ミシェル,0.05050565848975716,0.1785295325786285,10,9,,50.0,3.53,6.6,-8.0,2.0,0.91,過剰人気,2.3,33.5,中山,8,３歳以上１勝クラス,13:40,5.3,0.27
202606040808,2026-09-26,6,ヒナノムサシ,8,4,上里,0.050059790598044517,0.1410453603569518,11,14,,46.0,2.82,6.6,-1.0,10.0,0.99,妙味大,2.3,33.5,中山,8,３歳以上１勝クラス,13:40,45.6,2.28
202606040808,2026-09-26,6,ノアスペシャル,10,5,木幡巧,0.04407176047710596,0.1795736036489619,12,8,,46.0,4.07,7.2,-5.0,7.0,0.99,妥当,2.3,33.5,中山,8,３歳以上１勝クラス,13:40,18.3,0.81
202606040808,2026-09-26,6,ガールネクストドア,15,8,嶋田,0.04376853276203594,0.15476975825628575,13,12,,43.0,3.54,7.2,1.0,14.0,1.1,妙味大,2.3,33.5,中山,8,３歳以上１勝クラス,13:40,262.1,11.47
202606040808,2026-09-26,6,カツノテンス,16,8,遠藤,0.03412157337724659,0.14405188312922104,14,13,,36.0,4.22,8.2,-1.0,13.0,1.1,妙味大,2.3,33.5,中山,8,３歳以上１勝クラス,13:40,179.5,6.12
202606040808,2026-09-26,6,ヘイルメリーラン,5,3,杉原,0.02830922358084813,0.12793553329897428,15,16,,31.0,4.52,8.8,0.0,15.0,0.99,妙味大,2.3,33.5,中山,8,３歳以上１勝クラス,13:40,369.5,10.46
202606040808,2026-09-26,6,アイファーファイト,6,3,松岡,0.02739636526490363,0.12810066839028023,16,15,,30.0,4.68,8.9,0.0,16.0,0.99,妙味大,2.3,33.5,中山,8,３歳以上１勝クラス,13:40,439.4,12.04
202606040809,2026-09-26,6,エイシンウルトラン,3,3,横山武,0.19964657883844827,0.4485322710003173,1,2,◎,100.0,2.25,0.0,4.0,5.0,0.99,妙味大,5.4,32.7,中山,9,芙蓉ステークス(OP),14:10,17.4,3.47
202606040809,2026-09-26,6,スタースポット,8,8,ルメール,0.1985012268527561,0.4521413351188155,2,1,○,100.0,2.28,0.1,0.0,2.0,0.97,妥当,5.4,32.7,中山,9,芙蓉ステークス(OP),14:10,3.9,0.77
202606040809,2026-09-26,6,タイヴァス,5,5,佐々木,0.14609231149426202,0.4477034868654771,3,3,▲,80.0,3.06,5.4,3.0,6.0,0.99,妙味大,5.4,32.7,中山,9,芙蓉ステークス(OP),14:10,26.6,3.89
202606040809,2026-09-26,6,コスモプルー,4,4,津村,0.12966937372622014,0.39237267860890757,4,4,△,70.0,3.03,7.0,0.0,4.0,0.99,妙味大,5.4,32.7,中山,9,芙蓉ステークス(OP),14:10,10.2,1.32
202606040809,2026-09-26,6,ジョドレルバンク,2,2,戸崎圭,0.12129427702662468,0.3893826862805723,5,5,△,67.0,3.21,7.8,-4.0,1.0,1.04,過剰人気,5.4,32.7,中山,9,芙蓉ステークス(OP),14:10,1.6,0.19
202606040809,2026-09-26,6,ニシノリリックス,1,1,内田博,0.11051470931314215,0.3640552865939282,6,6,,62.0,3.29,8.9,1.0,7.0,1.04,妙味大,5.4,32.7,中山,9,芙蓉ステークス(OP),14:10,48.1,5.32
202606040809,2026-09-26,6,レオンティウス,6,6,丸山,0.05597335350104421,0.280727734134274,7,7,,36.0,5.02,14.4,-4.0,3.0,0.99,過剰人気,5.4,32.7,中山,9,芙蓉ステークス(OP),14:10,5.8,0.32
202606040809,2026-09-26,6,モーモーゼロ,7,7,菊沢,0.038308169247502334,0.2250845213977084,8,8,,27.0,5.88,16.1,0.0,8.0,0.97,妙味大,5.4,32.7,中山,9,芙蓉ステークス(OP),14:10,209.6,8.03
202606040810,2026-09-26,6,ビービーエフォート,11,6,田辺,0.1453976462304337,0.27272236339751893,1,1,◎,100.0,1.88,0.0,9.0,10.0,1.03,妙味大,5.5,35.6,中山,10,勝浦特別(2勝クラス),14:50,25.0,3.63
202606040810,2026-09-26,6,ビッグフラワー,9,5,ルメール,0.129059753741064,0.26061088357184214,2,2,○,90.0,2.02,1.6,1.0,3.0,1.03,妥当,5.5,35.6,中山,10,勝浦特別(2勝クラス),14:50,6.4,0.83
202606040810,2026-09-26,6,アイムインディ,12,6,丹内,0.09083718362002734,0.20959318199919105,3,6,▲,66.0,2.31,5.5,4.0,7.0,1.03,妙味大,5.5,35.6,中山,10,勝浦特別(2勝クラス),14:50,16.1,1.46
202606040810,2026-09-26,6,イゾラフェリーチェ,2,1,津村,0.08100597805722691,0.21770234675251132,4,5,△,61.0,2.69,6.4,-3.0,1.0,1.07,過剰人気,5.5,35.6,中山,10,勝浦特別(2勝クラス),14:50,4.9,0.4
202606040810,2026-09-26,6,ドリーミングアップ,7,4,横山武,0.07445370309400492,0.2200003210660603,5,4,△,57.0,2.95,7.1,-4.0,1.0,1.03,過剰人気,5.5,35.6,中山,10,勝浦特別(2勝クラス),14:50,4.9,0.36
202606040810,2026-09-26,6,デンプシー,1,1,戸崎圭,0.0715182752506961,0.20841405536537347,6,7,,55.0,2.91,7.4,-2.0,4.0,1.07,過剰人気,5.5,35.6,中山,10,勝浦特別(2勝クラス),14:50,7.4,0.53
202606040810,2026-09-26,6,ピコアーガイル,16,8,小林美,0.06921175566183117,0.22132396341371036,7,3,,55.0,3.2,7.6,1.0,8.0,0.89,妙味大,5.5,35.6,中山,10,勝浦特別(2勝クラス),14:50,19.9,1.38
202606040810,2026-09-26,6,セレッソデアモール,10,5,ミシェル,0.06450579385320693,0.20340761252734724,8,8,,51.0,3.15,8.1,8.0,16.0,1.03,妙味大,5.5,35.6,中山,10,勝浦特別(2勝クラス),14:50,82.4,5.32
202606040810,2026-09-26,6,スミッコディスコ,14,7,横山和,0.058400264259250274,0.17310078642351182,9,10,,45.0,2.96,8.7,0.0,9.0,0.89,妙味あり,5.5,35.6,中山,10,勝浦特別(2勝クラス),14:50,21.2,1.24
202606040810,2026-09-26,6,ウィングブルー,3,2,横山琉,0.04274268881969934,0.16864955214345773,10,11,,36.0,3.95,10.3,-5.0,5.0,1.07,過剰人気,5.5,35.6,中山,10,勝浦特別(2勝クラス),14:50,8.6,0.37
202606040810,2026-09-26,6,レザンノワール,13,7,菊沢,0.037787813597905714,0.19202313756082162,11,9,,35.0,5.08,10.8,3.0,14.0,0.89,妙味大,5.5,35.6,中山,10,勝浦特別(2勝クラス),14:50,57.6,2.18
202606040810,2026-09-26,6,トラスコンガーデン,6,3,江田照,0.032715866462433414,0.14547766498300366,12,13,,29.0,4.45,11.3,1.0,13.0,1.03,妙味大,5.5,35.6,中山,10,勝浦特別(2勝クラス),14:50,40.2,1.32
202606040810,2026-09-26,6,ジョヴィアン,4,2,杉原,0.03141003227978193,0.15375539540835412,13,12,,29.0,4.9,11.4,-2.0,11.0,1.07,妥当,5.5,35.6,中山,10,勝浦特別(2勝クラス),14:50,29.0,0.91
202606040810,2026-09-26,6,レオアジャイル,8,4,原,0.028253921669281368,0.13210055091084227,14,14,,26.0,4.68,11.7,-8.0,6.0,1.03,過剰人気,5.5,35.6,中山,10,勝浦特別(2勝クラス),14:50,8.9,0.25
202606040810,2026-09-26,6,ヴィヴァクラウン,5,3,岩田康,0.02731711986509536,0.1274035659026454,15,15,,25.0,4.66,11.8,-3.0,12.0,1.03,妥当,5.5,35.6,中山,10,勝浦特別(2勝クラス),14:50,32.7,0.89
202606040810,2026-09-26,6,メローネ,15,8,佐々木,0.015382203538061674,0.09371461857380833,16,16,,16.0,6.09,13.0,-1.0,15.0,0.89,妙味あり,5.5,35.6,中山,10,勝浦特別(2勝クラス),14:50,75.8,1.17
202606040811,2026-09-26,6,エフォートレス,1,1,横山和,0.14418288073786334,0.29087709200026995,1,1,◎,100.0,2.02,0.0,5.0,6.0,1.07,妙味大,3.0,34.0,中山,11,秋風Ｓ(3勝クラス),15:30,11.8,1.7
202606040811,2026-09-26,6,フォルラニーニ,4,3,ルメール,0.13002034436289386,0.275351589221891,2,2,○,91.0,2.12,1.4,2.0,4.0,0.97,妥当,3.0,34.0,中山,11,秋風Ｓ(3勝クラス),15:30,6.8,0.88
202606040811,2026-09-26,6,マテンロウブラボー,12,7,戸崎圭,0.11444174933069963,0.26841818530904304,3,4,▲,82.0,2.35,3.0,2.0,5.0,0.95,妙味あり,3.0,34.0,中山,11,秋風Ｓ(3勝クラス),15:30,9.7,1.11
202606040811,2026-09-26,6,サウンドムーブ,2,2,津村,0.10159292099736345,0.2454335187486281,4,5,△,74.0,2.42,4.3,-3.0,1.0,1.07,過剰人気,3.0,34.0,中山,11,秋風Ｓ(3勝クラス),15:30,3.4,0.35
202606040811,2026-09-26,6,セブンマジシャン,13,8,横山武,0.09898266870418351,0.2696846524488163,5,3,△,74.0,2.72,4.5,3.0,8.0,0.95,妙味大,3.0,34.0,中山,11,秋風Ｓ(3勝クラス),15:30,16.5,1.63
202606040811,2026-09-26,6,ナヴォーナ,9,6,吉田豊,0.07891463168008735,0.23959974751739935,6,6,,61.0,3.04,6.5,6.0,12.0,0.97,妙味大,3.0,34.0,中山,11,秋風Ｓ(3勝クラス),15:30,75.0,5.92
202606040811,2026-09-26,6,ウォータークラーク,10,6,丹内,0.06812011976128876,0.23281419671336856,7,7,,55.0,3.42,7.6,0.0,7.0,0.97,妙味あり,3.0,34.0,中山,11,秋風Ｓ(3勝クラス),15:30,14.9,1.01
202606040811,2026-09-26,6,アルトゥーム,6,4,杉原,0.04461227928224484,0.17597089732097482,8,10,,38.0,3.94,10.0,5.0,13.0,0.97,妙味大,3.0,34.0,中山,11,秋風Ｓ(3勝クラス),15:30,77.1,3.44
202606040811,2026-09-26,6,インパクトシー,8,5,佐々木,0.04407712457403531,0.17425855580477986,9,11,,37.0,3.95,10.0,-7.0,2.0,0.97,過剰人気,3.0,34.0,中山,11,秋風Ｓ(3勝クラス),15:30,4.5,0.2
202606040811,2026-09-26,6,テンミラクルスター,14,8,岩田康,0.04406229937782099,0.18567966409855277,10,9,,38.0,4.21,10.0,-1.0,9.0,0.95,妙味大,3.0,34.0,中山,11,秋風Ｓ(3勝クラス),15:30,35.7,1.57
202606040811,2026-09-26,6,マイネルフルムーン,11,7,松岡,0.03899513965757362,0.16296726441081805,11,12,,34.0,4.18,10.5,-1.0,10.0,0.95,妙味大,3.0,34.0,中山,11,秋風Ｓ(3勝クラス),15:30,36.3,1.42
202606040811,2026-09-26,6,グラニット,5,4,江田照,0.035861228030871516,0.2017914604986083,12,8,,35.0,5.63,10.8,-1.0,11.0,0.97,妙味大,3.0,34.0,中山,11,秋風Ｓ(3勝クラス),15:30,39.1,1.4
202606040811,2026-09-26,6,ソルトブリーズ,3,3,横山琉,0.031081451108599473,0.14678740308905763,13,13,,28.0,4.72,11.3,-10.0,3.0,0.97,過剰人気,3.0,34.0,中山,11,秋風Ｓ(3勝クラス),15:30,5.9,0.18
202606040811,2026-09-26,6,エスコバル,7,5,内田博,0.025055162394474417,0.130365772817793,14,14,,24.0,5.2,11.9,0.0,14.0,0.97,妙味大,3.0,34.0,中山,11,秋風Ｓ(3勝クラス),15:30,172.3,4.32
202606040812,2026-09-26,6,エリカマユーリ,10,5,ルメール,0.13877324761234014,0.25799409472835244,1,1,◎,100.0,1.86,0.0,,,0.99,,2.6,33.5,中山,12,３歳以上２勝クラス,16:10,,
202606040812,2026-09-26,6,ルーフオブヘヴン,11,6,戸崎圭,0.12116148639704044,0.24704437629080409,2,2,○,89.0,2.04,1.8,,,0.99,,2.6,33.5,中山,12,３歳以上２勝クラス,16:10,,
202606040812,2026-09-26,6,モーゲンセン,6,3,丹内,0.11303726768463951,0.2342680462777996,3,5,▲,83.0,2.07,2.6,,,0.99,,2.6,33.5,中山,12,３歳以上２勝クラス,16:10,,
202606040812,2026-09-26,6,ショウナンタハティ,14,7,津村,0.09806567636403123,0.24307459537284332,4,3,△,76.0,2.48,4.1,,,1.1,,2.6,33.5,中山,12,３歳以上２勝クラス,16:10,,
202606040812,2026-09-26,6,ホウオウプレミア,12,6,岩田康,0.09041735714725681,0.24210935354526467,5,4,△,71.0,2.68,4.8,,,0.99,,2.6,33.5,中山,12,３歳以上２勝クラス,16:10,,
202606040812,2026-09-26,6,クインズポラリス,13,7,田辺,0.07271432608168002,0.21949419284936095,6,6,,59.0,3.02,6.6,,,1.1,,2.6,33.5,中山,12,３歳以上２勝クラス,16:10,,
202606040812,2026-09-26,6,マサノピンクレディ,8,4,横山武,0.05487627189888645,0.2004729031754162,7,7,,48.0,3.65,8.4,,,0.99,,2.6,33.5,中山,12,３歳以上２勝クラス,16:10,,
202606040812,2026-09-26,6,トヨサカエ,7,4,吉田豊,0.048579677813593757,0.1798623743295294,8,8,,42.0,3.7,9.0,,,0.99,,2.6,33.5,中山,12,３歳以上２勝クラス,16:10,,
202606040812,2026-09-26,6,ロッカバイベイビー,5,3,佐藤,0.03957935361849926,0.15873782714465323,9,10,,35.0,4.01,9.9,,,0.99,,2.6,33.5,中山,12,３歳以上２勝クラス,16:10,,
202606040812,2026-09-26,6,ライヴレッドアイ,1,1,木幡巧,0.03718296982304309,0.16839880465555643,10,9,,35.0,4.53,10.2,,,0.91,,2.6,33.5,中山,12,３歳以上２勝クラス,16:10,,
202606040812,2026-09-26,6,バシレイア,15,8,長浜,0.03680518374259991,0.13797696337494308,11,15,,32.0,3.75,10.2,,,1.1,,2.6,33.5,中山,12,３歳以上２勝クラス,16:10,,
202606040812,2026-09-26,6,ホーリーブライト,2,1,遠藤,0.0354736328955509,0.14473016393548158,12,13,,32.0,4.08,10.3,,,0.91,,2.6,33.5,中山,12,３歳以上２勝クラス,16:10,,
202606040812,2026-09-26,6,サマースイートピー,9,5,内田博,0.03473802471302333,0.15424292416037577,13,11,,32.0,4.44,10.4,,,0.99,,2.6,33.5,中山,12,３歳以上２勝クラス,16:10,,
202606040812,2026-09-26,6,キボウノホシ,3,2,原,0.03129267181905231,0.14070311507150698,14,14,,29.0,4.5,10.7,,,0.91,,2.6,33.5,中山,12,３歳以上２勝クラス,16:10,,
202606040812,2026-09-26,6,グラスブランシュ,4,2,野中,0.024484758122001793,0.1253071972967022,15,16,,24.0,5.12,11.4,,,0.91,,2.6,33.5,中山,12,３歳以上２勝クラス,16:10,,
202606040812,2026-09-26,6,ホウオウフロイト,16,8,杉原,0.022818094266760954,0.14558306779141011,16,12,,25.0,6.38,11.6,,,1.1,,2.6,33.5,中山,12,３歳以上２勝クラス,16:10,,
202609040801,2026-09-26,9,テーオーダーウィン,8,7,松山,0.1786247342440794,0.37936544738689754,1,1,◎,100.0,2.12,0.0,2.0,3.0,1.1,妥当,5.8,32.0,阪神,1,２歳未勝利,10:01,5.2,0.93
202609040801,2026-09-26,9,スカイメテオ,10,8,菱田,0.15858220226303585,0.32341464712193646,2,2,○,88.0,2.04,2.0,-1.0,1.0,1.1,過剰人気,5.8,32.0,阪神,1,２歳未勝利,10:01,1.7,0.27
202609040801,2026-09-26,9,シュライアハフト,7,6,河原田,0.12023545098031274,0.2593370271303736,3,7,▲,68.0,2.16,5.8,7.0,10.0,1.03,妙味大,5.8,32.0,阪神,1,２歳未勝利,10:01,106.4,12.79
202609040801,2026-09-26,9,リアルメッセージ,2,2,岩田望,0.09175699467232294,0.2755409447700947,4,4,△,56.0,3.0,8.7,0.0,4.0,0.87,妙味あり,5.8,32.0,阪神,1,２歳未勝利,10:01,12.3,1.13
202609040801,2026-09-26,9,ガヤーズランボー,1,1,浜中,0.08586976463686856,0.2924446999306468,5,3,△,55.0,3.41,9.3,4.0,9.0,0.87,妙味大,5.8,32.0,阪神,1,２歳未勝利,10:01,76.2,6.54
202609040801,2026-09-26,9,サウンドエフォート,4,4,吉田隼,0.07537167757829669,0.25887748229793994,6,8,,48.0,3.43,10.3,0.0,6.0,1.03,妙味大,5.8,32.0,阪神,1,２歳未勝利,10:01,37.4,2.82
202609040801,2026-09-26,9,ウルスチャージ,5,5,田口,0.06763553682319823,0.270708057973742,7,5,,46.0,4.0,11.1,-5.0,2.0,1.03,過剰人気,5.8,32.0,阪神,1,２歳未勝利,10:01,3.8,0.26
202609040801,2026-09-26,9,ユイリノベーション,11,8,藤懸,0.06258421269096028,0.2495260268100629,8,9,,42.0,3.99,11.6,-3.0,5.0,1.1,妙味大,5.8,32.0,阪神,1,２歳未勝利,10:01,21.6,1.35
202609040801,2026-09-26,9,ウィザードシチー,9,7,亀田,0.060146953651827276,0.2672771489590954,9,6,,42.0,4.44,11.8,-2.0,7.0,1.1,妙味大,5.8,32.0,阪神,1,２歳未勝利,10:01,49.9,3.0
202609040801,2026-09-26,9,ヤマトクオーレ,6,6,森田,0.057557009531843194,0.2106905460598385,10,11,,38.0,3.66,12.1,1.0,11.0,1.03,妙味大,5.8,32.0,阪神,1,２歳未勝利,10:01,301.1,17.33
202609040801,2026-09-26,9,ルーストカール,3,3,幸,0.04163546292725471,0.2128179715593719,11,10,,31.0,5.11,13.7,-3.0,8.0,1.03,妙味大,5.8,32.0,阪神,1,２歳未勝利,10:01,65.5,2.73
202609040802,2026-09-26,9,アレストラウム,1,1,西村淳,0.3421884180360872,0.6861186232114933,1,1,◎,100.0,2.01,0.0,1.0,2.0,0.96,妙味あり,23.8,33.9,阪神,2,２歳未勝利,10:30,3.1,1.06
202609040802,2026-09-26,9,パルパル,6,6,吉村,0.2784472836819552,0.6321734291688192,2,2,○,84.0,2.27,6.4,-1.0,1.0,0.99,過剰人気,23.8,33.9,阪神,2,２歳未勝利,10:30,1.5,0.42
202609040802,2026-09-26,9,ヘスティア,5,5,角田和,0.10393928462499798,0.4162232089825822,3,4,▲,37.0,4.0,23.8,3.0,6.0,0.99,妙味大,23.8,33.9,阪神,2,２歳未勝利,10:30,32.3,3.36
202609040802,2026-09-26,9,アイゼンフォルク,2,2,松山,0.10003437472060123,0.459294812204825,4,3,△,38.0,4.59,24.2,-1.0,3.0,0.96,過剰人気,23.8,33.9,阪神,2,２歳未勝利,10:30,5.2,0.52
202609040802,2026-09-26,9,ホットハニーラグ,4,4,高杉,0.0774281220033295,0.3610106302160809,5,5,△,29.0,4.66,26.5,0.0,5.0,0.99,妙味大,23.8,33.9,阪神,2,２歳未勝利,10:30,29.9,2.32
202609040802,2026-09-26,9,クリスティーナ,3,3,Ｍデムーロ,0.06460029756204361,0.2631405703991223,6,6,,23.0,4.07,27.8,-2.0,4.0,0.99,妙味大,23.8,33.9,阪神,2,２歳未勝利,10:30,23.2,1.5
202609040802,2026-09-26,9,シャイニーヒーロー,7,7,大久保,0.03336221937098525,0.1820387258170767,7,7,,13.0,5.46,30.9,0.0,7.0,1.05,妙味大,23.8,33.9,阪神,2,２歳未勝利,10:30,196.6,6.56
202609040803,2026-09-26,9,プリンキピッサ,1,1,西村淳,0.20783621698613938,0.3368816244919297,1,1,◎,100.0,1.62,0.0,0.0,1.0,1.18,過剰人気,9.5,32.7,阪神,3,２歳未勝利,11:00,3.0,0.62
202609040803,2026-09-26,9,マーゴットマシェリ,5,3,池添,0.1855333444261128,0.3322109053761151,2,2,○,91.0,1.79,2.2,1.0,3.0,1.04,妥当,9.5,32.7,阪神,3,２歳未勝利,11:00,4.6,0.85
202609040803,2026-09-26,9,フォルトゥナロッサ,10,6,浜中,0.11288625988924034,0.29591214071429833,3,3,▲,61.0,2.62,9.5,1.0,4.0,1.04,妥当,9.5,32.7,阪神,3,２歳未勝利,11:00,7.6,0.86
202609040803,2026-09-26,9,ビエントゾンダ,4,3,松山,0.09296114302149523,0.2582938901393704,4,5,△,51.0,2.78,11.5,2.0,6.0,1.04,妙味あり,9.5,32.7,阪神,3,２歳未勝利,11:00,12.7,1.18
202609040803,2026-09-26,9,ニクスルーナ,3,2,岩田望,0.08504936838103856,0.2587824652863329,5,4,△,48.0,3.04,12.3,-3.0,2.0,1.18,過剰人気,9.5,32.7,阪神,3,２歳未勝利,11:00,3.5,0.3
202609040803,2026-09-26,9,スクールディーヴァ,6,4,Ｍデムーロ,0.05496494589024156,0.16985704331102314,6,8,,31.0,3.09,15.3,1.0,7.0,1.04,妙味大,9.5,32.7,阪神,3,２歳未勝利,11:00,27.8,1.53
202609040803,2026-09-26,9,リンピッド,8,5,富田,0.048291012461118735,0.20073002467747228,7,6,,30.0,4.16,16.0,8.0,15.0,1.04,妙味大,9.5,32.7,阪神,3,２歳未勝利,11:00,350.7,16.94
202609040803,2026-09-26,9,ラガーレッドムーン,12,7,森田,0.037366241915681934,0.12738015220389876,8,13,,22.0,3.41,17.0,5.0,13.0,0.78,妙味大,9.5,32.7,阪神,3,２歳未勝利,11:00,265.2,9.91
202609040803,2026-09-26,9,リボンロゼッタ,9,5,川須,0.03108370675788796,0.1704562912542235,9,7,,22.0,5.48,17.7,-1.0,8.0,1.04,妙味大,9.5,32.7,阪神,3,２歳未勝利,11:00,48.7,1.51
202609040803,2026-09-26,9,シガレス,15,8,和田陽,0.030100632656855378,0.12285841677393074,10,15,,19.0,4.08,17.8,1.0,11.0,0.78,妙味大,9.5,32.7,阪神,3,２歳未勝利,11:00,118.8,3.58
202609040803,2026-09-26,9,ヴィヴィアンリーチ,14,8,松若,0.029980521472721136,0.15886178972629056,11,9,,21.0,5.3,17.8,-1.0,10.0,0.78,妙味大,9.5,32.7,阪神,3,２歳未勝利,11:00,56.1,1.68
202609040803,2026-09-26,9,ヤマニンアルセド,11,6,田山,0.028698429705131874,0.1543831198661927,12,11,,20.0,5.38,17.9,-3.0,9.0,1.04,妙味大,9.5,32.7,阪神,3,２歳未勝利,11:00,53.3,1.53
202609040803,2026-09-26,9,ベルメグスタ,7,4,幸,0.019137184698699232,0.1273486851013461,13,14,,15.0,6.65,18.9,-1.0,12.0,1.04,妙味大,9.5,32.7,阪神,3,２歳未勝利,11:00,122.6,2.35
202609040803,2026-09-26,9,モンドドゥアムール,13,7,永島,0.018382972656410382,0.13091576808512648,14,12,,14.0,7.12,18.9,0.0,14.0,0.78,妙味大,9.5,32.7,阪神,3,２歳未勝利,11:00,272.6,5.01
202609040803,2026-09-26,9,スマートエール,2,2,高倉,0.017728019081225396,0.15512768299244942,15,10,,16.0,8.75,19.0,-10.0,5.0,1.18,過剰人気,9.5,32.7,阪神,3,２歳未勝利,11:00,10.4,0.18
202609040804,2026-09-26,9,ブラスバンド,6,4,坂井,0.1186550840690448,0.25698296358491024,1,1,◎,100.0,2.17,0.0,6.0,7.0,1.01,妙味大,1.9,39.8,阪神,4,２歳新馬,11:35,16.2,1.92
202609040804,2026-09-26,9,モンサンラパージュ,12,7,吉村,0.11259481264213014,0.254062393786557,2,2,○,96.0,2.26,0.6,10.0,12.0,0.88,妙味大,1.9,39.8,阪神,4,２歳新馬,11:35,57.6,6.49
202609040804,2026-09-26,9,テンハッピー,1,1,鮫島駿,0.09940148929452812,0.24343580549911156,3,3,▲,86.0,2.45,1.9,10.0,13.0,1.11,妙味大,1.9,39.8,阪神,4,２歳新馬,11:35,61.9,6.15
202609040804,2026-09-26,9,ギブリ,2,2,横山典,0.09044048863020496,0.23239817097557758,4,5,△,80.0,2.57,2.8,6.0,10.0,1.11,妙味大,1.9,39.8,阪神,4,２歳新馬,11:35,27.9,2.52
202609040804,2026-09-26,9,ルージュラボルタ,3,2,松山,0.08038564884029918,0.23627124368796568,5,4,△,73.0,2.94,3.8,3.0,8.0,1.11,妙味大,1.9,39.8,阪神,4,２歳新馬,11:35,17.0,1.37
202609040804,2026-09-26,9,ポエジア,9,5,武豊,0.07662325628066907,0.2178745088616931,6,6,,69.0,2.84,4.2,-1.0,5.0,1.01,過剰人気,1.9,39.8,阪神,4,２歳新馬,11:35,9.6,0.74
202609040804,2026-09-26,9,フィオッコローザ,14,8,高杉,0.0629536396953095,0.19262686259548467,7,9,,58.0,3.06,5.6,-6.0,1.0,0.88,過剰人気,1.9,39.8,阪神,4,２歳新馬,11:35,3.9,0.25
202609040804,2026-09-26,9,レクリドジョワ,7,4,田山,0.05575533035466469,0.18346447518849154,8,11,,53.0,3.29,6.3,-6.0,2.0,1.01,過剰人気,1.9,39.8,阪神,4,２歳新馬,11:35,5.1,0.28
202609040804,2026-09-26,9,ランゲ,15,8,富田,0.05108614201821892,0.19342333083107044,9,8,,51.0,3.79,6.8,2.0,11.0,0.88,妙味大,1.9,39.8,阪神,4,２歳新馬,11:35,35.4,1.81
202609040804,2026-09-26,9,カフジカニステル,5,3,古川吉,0.04873915099710024,0.17780561774197112,10,12,,48.0,3.65,7.0,4.0,14.0,1.01,妙味大,1.9,39.8,阪神,4,２歳新馬,11:35,83.7,4.08
202609040804,2026-09-26,9,ゴウオン,4,3,岩田望,0.047960083271755966,0.19441243347979095,11,7,,49.0,4.05,7.1,-2.0,9.0,1.01,妥当,1.9,39.8,阪神,4,２歳新馬,11:35,20.4,0.98
202609040804,2026-09-26,9,ヒノトリ,13,7,斎藤,0.04597116984561586,0.18984431714659988,12,10,,47.0,4.13,7.3,-8.0,4.0,0.88,過剰人気,1.9,39.8,阪神,4,２歳新馬,11:35,6.7,0.31
202609040804,2026-09-26,9,ウォーターケプリ,8,5,幸,0.04428426162268432,0.1746684463100663,13,13,,45.0,3.94,7.4,-7.0,6.0,1.01,過剰人気,1.9,39.8,阪神,4,２歳新馬,11:35,11.2,0.5
202609040804,2026-09-26,9,フライウィズユー,10,6,Ｍデムーロ,0.03619605757997996,0.11577259488212499,14,15,,34.0,3.2,8.2,-11.0,3.0,1.01,過剰人気,1.9,39.8,阪神,4,２歳新馬,11:35,5.7,0.21
202609040804,2026-09-26,9,ロックウイズミー,11,6,国分恭,0.02895338485779433,0.13695683542858458,15,14,,31.0,4.73,9.0,0.0,15.0,1.01,妙味大,1.9,39.8,阪神,4,２歳新馬,11:35,94.1,2.72
202609040805,2026-09-26,9,ネーロノワール,10,6,川田,0.1453880595701918,0.30681785296041664,1,1,◎,100.0,2.11,0.0,0.0,1.0,0.98,過剰人気,3.9,32.6,阪神,5,２歳新馬,12:25,1.7,0.25
202609040805,2026-09-26,9,サトノステラ,11,6,岩田望,0.13035953544206763,0.27448702426758104,2,2,○,90.0,2.11,1.5,4.0,6.0,0.98,妙味大,3.9,32.6,阪神,5,２歳新馬,12:25,13.4,1.75
202609040805,2026-09-26,9,カーティス,6,4,松山,0.10668028346353045,0.27230969367674634,3,3,▲,77.0,2.55,3.9,4.0,7.0,0.98,妙味大,3.9,32.6,阪神,5,２歳新馬,12:25,19.2,2.05
202609040805,2026-09-26,9,ベニールラヴニール,5,3,吉村,0.08958611619096526,0.257796244336021,4,4,△,67.0,2.88,5.6,-1.0,3.0,0.98,過剰人気,3.9,32.6,阪神,5,２歳新馬,12:25,7.7,0.69
202609040805,2026-09-26,9,スナークルーベンス,13,7,富田,0.0734817279602485,0.2396893111720961,5,5,△,57.0,3.26,7.2,7.0,12.0,0.97,妙味大,3.9,32.6,阪神,5,２歳新馬,12:25,180.6,13.27
202609040805,2026-09-26,9,ゴールデンステーラ,3,2,石橋脩,0.07188345078477529,0.21704010633052168,6,7,,54.0,3.02,7.4,5.0,11.0,1.04,妙味大,3.9,32.6,阪神,5,２歳新馬,12:25,128.7,9.25
202609040805,2026-09-26,9,レガリアフォリア,2,2,北村友,0.0686604099362641,0.22010691704839186,7,6,,53.0,3.21,7.7,-5.0,2.0,1.04,過剰人気,3.9,32.6,阪神,5,２歳新馬,12:25,5.7,0.39
202609040805,2026-09-26,9,エールヴォル,12,7,松若,0.0644389951620895,0.21622510022799887,8,8,,50.0,3.36,8.1,-3.0,5.0,0.97,妥当,3.9,32.6,阪神,5,２歳新馬,12:25,13.3,0.86
202609040805,2026-09-26,9,ケイアイヴェネチア,15,8,田山,0.0528676456332592,0.18327908895354925,9,9,,42.0,3.47,9.3,0.0,9.0,0.97,妙味大,3.9,32.6,阪神,5,２歳新馬,12:25,45.6,2.41
202609040805,2026-09-26,9,レイルジェット,14,8,斎藤,0.0455165398731342,0.1734378873659041,10,11,,37.0,3.81,10.0,0.0,10.0,0.97,妙味大,3.9,32.6,阪神,5,２歳新馬,12:25,84.4,3.84
202609040805,2026-09-26,9,トップオブドリーム,8,5,今村,0.04109297788975738,0.17206286448070293,11,12,,35.0,4.19,10.4,-7.0,4.0,0.98,過剰人気,3.9,32.6,阪神,5,２歳新馬,12:25,13.2,0.54
202609040805,2026-09-26,9,ノーブルキングダム,1,1,国分恭,0.040449072645906435,0.1827443012800964,12,10,,35.0,4.52,10.5,-4.0,8.0,1.04,妙味あり,3.9,32.6,阪神,5,２歳新馬,12:25,27.8,1.12
202609040805,2026-09-26,9,メイショウリベロ,9,5,森田,0.03209612182803544,0.11103678619724755,13,14,,25.0,3.46,11.3,1.0,14.0,0.98,妙味大,3.9,32.6,阪神,5,２歳新馬,12:25,239.3,7.68
202609040805,2026-09-26,9,プラトーローザ,4,3,小沢,0.031891988971573915,0.1345364333974039,14,13,,27.0,4.22,11.3,-1.0,13.0,0.98,妙味大,3.9,32.6,阪神,5,２歳新馬,12:25,200.5,6.39
202609040805,2026-09-26,9,シルクウォード,7,4,西村淳,0.005607074648201003,0.03843038830532297,15,15,,6.0,6.85,14.0,0.0,15.0,0.98,妙味大,3.9,32.6,阪神,5,２歳新馬,12:25,9999.0,56.07
202609040806,2026-09-26,9,ブリオメンテ,11,6,武豊,0.18316468076349557,0.3119076968743203,1,1,◎,100.0,1.7,0.0,2.0,3.0,0.99,妥当,7.0,33.9,阪神,6,３歳以上１勝クラス,12:55,5.2,0.95
202609040806,2026-09-26,9,シオンダンサー,16,8,北村友,0.11633394439778294,0.24809715961756668,2,2,○,67.0,2.13,6.7,4.0,6.0,1.05,妙味大,7.0,33.9,阪神,6,３歳以上１勝クラス,12:55,14.2,1.65
202609040806,2026-09-26,9,ワルトシュタイン,12,6,松若,0.11295757700837981,0.24072972310254326,3,3,▲,65.0,2.13,7.0,7.0,10.0,0.99,妙味大,7.0,33.9,阪神,6,３歳以上１勝クラス,12:55,33.3,3.76
202609040806,2026-09-26,9,モズプリヴェール,9,5,松山,0.07846817650652307,0.2397602101640775,4,4,△,49.0,3.06,10.5,5.0,9.0,0.99,妙味大,7.0,33.9,阪神,6,３歳以上１勝クラス,12:55,21.3,1.67
202609040806,2026-09-26,9,ダノンアンドレ,14,7,鮫島駿,0.0783418670237732,0.23640421755913477,5,5,△,49.0,3.02,10.5,7.0,12.0,1.05,妙味大,7.0,33.9,阪神,6,３歳以上１勝クラス,12:55,94.0,7.36
202609040806,2026-09-26,9,ミランド,13,7,岩田望,0.06593414353262035,0.20485801675689258,6,8,,42.0,3.11,11.7,-4.0,2.0,1.05,過剰人気,7.0,33.9,阪神,6,３歳以上１勝クラス,12:55,4.4,0.29
202609040806,2026-09-26,9,エイシンマールス,4,2,荻野極,0.058637177723057134,0.22242569960861858,7,7,,40.0,3.79,12.5,1.0,8.0,0.96,妥当,7.0,33.9,阪神,6,３歳以上１勝クラス,12:55,15.9,0.93
202609040806,2026-09-26,9,サンマルミッション,6,3,田村,0.049231253495224066,0.22269606178575674,8,6,,36.0,4.52,13.4,7.0,15.0,0.99,妙味大,7.0,33.9,阪神,6,３歳以上１勝クラス,12:55,334.5,16.47
202609040806,2026-09-26,9,ウルフ,8,4,松本,0.04560265833110502,0.17936606339848712,9,9,,31.0,3.93,13.8,-8.0,1.0,0.99,過剰人気,7.0,33.9,阪神,6,３歳以上１勝クラス,12:55,3.4,0.16
202609040806,2026-09-26,9,ビズロード,3,2,菱田,0.04307016217303897,0.17906702328364113,10,10,,30.0,4.16,14.0,-3.0,7.0,0.96,過剰人気,7.0,33.9,阪神,6,３歳以上１勝クラス,12:55,14.3,0.62
202609040806,2026-09-26,9,ララオウ,15,8,田山,0.03922730172593877,0.09852217669902086,11,14,,23.0,2.51,14.4,-7.0,4.0,1.05,過剰人気,7.0,33.9,阪神,6,３歳以上１勝クラス,12:55,7.2,0.28
202609040806,2026-09-26,9,ケイアイアマゾン,2,1,藤懸,0.03471255383431671,0.15536226556442442,12,12,,25.0,4.48,14.8,-7.0,5.0,0.96,過剰人気,7.0,33.9,阪神,6,３歳以上１勝クラス,12:55,12.5,0.43
202609040806,2026-09-26,9,メイショウペイト,10,5,加藤,0.030327405539315684,0.15190991144477398,13,13,,23.0,5.01,15.3,-2.0,11.0,0.99,妙味大,7.0,33.9,阪神,6,３歳以上１勝クラス,12:55,46.0,1.4
202609040806,2026-09-26,9,ランドブレイブ,1,1,国分恭,0.030035020282757896,0.15904065539558224,14,11,,23.0,5.3,15.3,0.0,14.0,0.96,妙味大,7.0,33.9,阪神,6,３歳以上１勝クラス,12:55,278.2,8.36
202609040806,2026-09-26,9,シーリュウシー,5,3,小沢,0.02393046641264902,0.08375089533515906,15,15,,16.0,3.5,15.9,-2.0,13.0,0.99,妙味大,7.0,33.9,阪神,6,３歳以上１勝クラス,12:55,141.7,3.39
202609040806,2026-09-26,9,ブルーストレイル,7,4,城戸,0.010025611250021861,0.06610222341000103,16,16,,9.0,6.59,17.3,0.0,16.0,0.99,妙味大,7.0,33.9,阪神,6,３歳以上１勝クラス,12:55,388.8,3.9
202609040807,2026-09-26,9,コレオシークエンス,8,6,浜中,0.12720838926884742,0.26362156411594884,1,2,◎,100.0,2.07,0.0,2.0,3.0,1.01,過剰人気,2.4,39.8,阪神,7,３歳以上１勝クラス,13:25,4.8,0.61
202609040807,2026-09-26,9,サトノアグード,12,8,坂井,0.12553681866219737,0.2734450462753438,2,1,○,100.0,2.18,0.2,0.0,2.0,0.88,過剰人気,2.4,39.8,阪神,7,３歳以上１勝クラス,13:25,2.8,0.35
202609040807,2026-09-26,9,プチプランス,13,8,吉村,0.10345908442831991,0.2570173974863749,3,4,▲,85.0,2.48,2.4,9.0,12.0,0.88,妙味大,2.4,39.8,阪神,7,３歳以上１勝クラス,13:25,60.8,6.29
202609040807,2026-09-26,9,ムーンライトラガー,11,7,池添,0.10333901099721465,0.2541116393025665,4,6,△,85.0,2.46,2.4,1.0,5.0,0.88,妙味大,2.4,39.8,阪神,7,３歳以上１勝クラス,13:25,20.0,2.07
202609040807,2026-09-26,9,シャーリーゴールド,7,5,幸,0.08755392524416941,0.23276731391382444,5,8,△,73.0,2.66,4.0,3.0,8.0,1.01,妙味大,2.4,39.8,阪神,7,３歳以上１勝クラス,13:25,46.5,4.07
202609040807,2026-09-26,9,エレガンスアスク,5,4,岩田望,0.08085570756129937,0.24043754009496718,6,7,,70.0,2.97,4.6,-5.0,1.0,1.01,過剰人気,2.4,39.8,阪神,7,３歳以上１勝クラス,13:25,2.6,0.21
202609040807,2026-09-26,9,ランスオブヒーロー,1,1,松山,0.0801443310747836,0.2550771014729677,7,5,,71.0,3.18,4.7,-3.0,4.0,1.11,妥当,2.4,39.8,阪神,7,３歳以上１勝クラス,13:25,10.3,0.83
202609040807,2026-09-26,9,エンジェルボイス,2,2,武豊,0.0791434775553715,0.2632630864742377,8,3,,71.0,3.33,4.8,1.0,9.0,1.11,妙味大,2.4,39.8,阪神,7,３歳以上１勝クラス,13:25,50.2,3.97
202609040807,2026-09-26,9,レインボーステート,4,4,北村友一,0.06249765192859445,0.2114077368631463,9,9,,56.0,3.38,6.5,-2.0,7.0,1.01,妙味大,2.4,39.8,阪神,7,３歳以上１勝クラス,13:25,33.1,2.07
202609040807,2026-09-26,9,ウォーターエルピス,9,6,田口,0.04230485439296819,0.2032696466024618,10,10,,43.0,4.8,8.5,3.0,13.0,1.01,妙味大,2.4,39.8,阪神,7,３歳以上１勝クラス,13:25,164.2,6.95
202609040807,2026-09-26,9,ウインラウダ,6,5,田山,0.04081080559817917,0.16734150825837077,11,13,,39.0,4.1,8.6,-5.0,6.0,1.01,妙味あり,2.4,39.8,阪神,7,３歳以上１勝クラス,13:25,30.9,1.26
202609040807,2026-09-26,9,ベネサルート,10,7,小沢,0.03431978387829503,0.1820707894608562,12,12,,37.0,5.31,9.3,-2.0,10.0,0.88,妙味大,2.4,39.8,阪神,7,３歳以上１勝クラス,13:25,53.2,1.83
202609040807,2026-09-26,9,エクリュ,3,3,松若,0.03282615940975993,0.19616962967893417,13,11,,37.0,5.98,9.4,-2.0,11.0,1.01,妙味大,2.4,39.8,阪神,7,３歳以上１勝クラス,13:25,54.4,1.79
202609040808,2026-09-26,9,エースフライト,4,4,松山,0.1668117983475143,0.36553235889186214,1,1,◎,100.0,2.19,0.0,0.0,1.0,0.96,過剰人気,3.8,32.5,阪神,8,３歳以上１勝クラス,13:55,1.7,0.28
202609040808,2026-09-26,9,ボンボンベイビー,10,8,坂井,0.13995544861827286,0.348291449668237,2,2,○,87.0,2.49,2.7,2.0,4.0,0.92,妙味大,3.8,32.5,阪神,8,３歳以上１勝クラス,13:55,13.7,1.92
202609040808,2026-09-26,9,コジオスコ,3,3,浜中,0.12919174332116376,0.325320127554162,3,4,▲,80.0,2.52,3.8,5.0,8.0,0.96,妙味大,3.8,32.5,阪神,8,３歳以上１勝クラス,13:55,28.9,3.73
202609040808,2026-09-26,9,シュプリームレルム,6,6,西村淳,0.1188869920213153,0.3339552844701099,4,3,△,76.0,2.81,4.8,-2.0,2.0,0.96,過剰人気,3.8,32.5,阪神,8,３歳以上１勝クラス,13:55,3.3,0.39
202609040808,2026-09-26,9,マサハヤヴォス,11,8,吉村,0.09455143295560885,0.2960404215932474,5,5,△,62.0,3.13,7.2,6.0,11.0,0.92,妙味大,3.8,32.5,阪神,8,３歳以上１勝クラス,13:55,228.0,21.56
202609040808,2026-09-26,9,ビヨンドザドリーム,8,7,中井,0.08416366640029281,0.24807244527478184,6,7,,55.0,2.95,8.3,-1.0,5.0,0.92,妙味大,3.8,32.5,阪神,8,３歳以上１勝クラス,13:55,19.0,1.6
202609040808,2026-09-26,9,サトノブリジャール,1,1,西塚,0.07849380841208746,0.23752195805163556,7,8,,51.0,3.03,8.8,0.0,7.0,1.13,妙味大,3.8,32.5,阪神,8,３歳以上１勝クラス,13:55,24.7,1.94
202609040808,2026-09-26,9,ニホンピロゴルディ,2,2,幸,0.06271539465812491,0.26169031585868285,8,6,,46.0,4.17,10.4,-5.0,3.0,1.13,過剰人気,3.8,32.5,阪神,8,３歳以上１勝クラス,13:55,8.2,0.51
202609040808,2026-09-26,9,コレデヨカロウ,7,6,柴田裕,0.04462997667727745,0.18660994370211761,9,11,,33.0,4.18,12.2,0.0,9.0,0.96,妙味大,3.8,32.5,阪神,8,３歳以上１勝クラス,13:55,75.5,3.37
202609040808,2026-09-26,9,メイショウピリカ,9,7,石橋脩,0.04126006436248629,0.1971946764921802,10,10,,32.0,4.78,12.6,-4.0,6.0,0.92,妥当,3.8,32.5,阪神,8,３歳以上１勝クラス,13:55,19.8,0.82
202609040808,2026-09-26,9,トモジャシック,5,5,秋山稔,0.03933967422585593,0.199771018442983,11,9,,31.0,5.08,12.7,-1.0,10.0,0.96,妙味大,3.8,32.5,阪神,8,３歳以上１勝クラス,13:55,122.3,4.81
202609040809,2026-09-26,9,リーチツモドライチ,2,2,川田,0.19421070505221696,0.44455958101069504,1,1,◎,100.0,2.29,0.0,1.0,2.0,0.87,妥当,6.3,32.0,阪神,9,ヤマボウシ賞(1勝クラス),14:25,4.1,0.8
202609040809,2026-09-26,9,ベルヴェール,4,4,西村淳,0.1603964959913807,0.41714440069809333,2,2,○,85.0,2.6,3.4,5.0,7.0,1.03,妙味大,6.3,32.0,阪神,9,ヤマボウシ賞(1勝クラス),14:25,22.9,3.67
202609040809,2026-09-26,9,エランヴィータ,3,3,三浦,0.13110769860229196,0.36286288694278507,3,6,▲,71.0,2.77,6.3,0.0,3.0,1.03,過剰人気,6.3,32.0,阪神,9,ヤマボウシ賞(1勝クラス),14:25,4.8,0.63
202609040809,2026-09-26,9,スマートポーション,7,7,武豊,0.12907334166621373,0.37861209483416597,4,5,△,71.0,2.93,6.5,1.0,5.0,1.1,妥当,6.3,32.0,阪神,9,ヤマボウシ賞(1勝クラス),14:25,7.0,0.9
202609040809,2026-09-26,9,ナイトパイロット,1,1,松山,0.12243012714233213,0.39020320143316184,5,4,△,69.0,3.19,7.2,-1.0,4.0,0.87,過剰人気,6.3,32.0,阪神,9,ヤマボウシ賞(1勝クラス),14:25,5.4,0.66
202609040809,2026-09-26,9,ウンディーネ,6,6,坂井,0.12021824313103034,0.3907933064437295,6,3,,68.0,3.25,7.4,0.0,6.0,1.03,妙味大,6.3,32.0,阪神,9,ヤマボウシ賞(1勝クラス),14:25,11.8,1.42
202609040809,2026-09-26,9,ヌーンベルク,5,5,岩田望,0.07675222712523821,0.30714934613551126,7,8,,47.0,4.0,11.7,1.0,8.0,1.03,妙味大,6.3,32.0,阪神,9,ヤマボウシ賞(1勝クラス),14:25,52.7,4.04
202609040809,2026-09-26,9,ユイノエスポワール,8,8,大野,0.06581116128929594,0.3086751825018575,8,7,,43.0,4.69,12.8,-7.0,1.0,1.1,過剰人気,6.3,32.0,阪神,9,ヤマボウシ賞(1勝クラス),14:25,3.0,0.2
202609040810,2026-09-26,9,ジーティーマン,11,7,西村淳,0.1609275061522724,0.285467561534478,1,1,◎,100.0,1.77,0.0,1.0,2.0,0.88,過剰人気,5.7,39.8,阪神,10,野分特別(2勝クラス),15:05,4.6,0.74
202609040810,2026-09-26,9,フェイトライン,10,6,坂井,0.11025365341990603,0.2603519988832855,2,2,○,73.0,2.36,5.1,8.0,10.0,1.01,妙味大,5.7,39.8,阪神,10,野分特別(2勝クラス),15:05,69.5,7.66
202609040810,2026-09-26,9,テーオーシュタイン,3,3,藤懸,0.10351097625227795,0.2592635879412206,3,3,▲,70.0,2.5,5.7,4.0,7.0,1.01,妙味大,5.7,39.8,阪神,10,野分特別(2勝クラス),15:05,20.6,2.13
202609040810,2026-09-26,9,ショウナンバルドル,8,5,岩田望,0.10088797428439694,0.24498246393586928,4,4,△,67.0,2.43,6.0,0.0,4.0,1.01,妥当,5.7,39.8,阪神,10,野分特別(2勝クラス),15:05,9.2,0.93
202609040810,2026-09-26,9,スナークピカソ,12,7,吉村,0.08848926676588531,0.24180435183576837,5,5,△,61.0,2.73,7.2,9.0,14.0,0.88,妙味大,5.7,39.8,阪神,10,野分特別(2勝クラス),15:05,103.2,9.13
202609040810,2026-09-26,9,ヴォーカライズ,1,1,田山,0.0806862577034175,0.23156883003615025,6,6,,56.0,2.87,8.0,-5.0,1.0,1.11,過剰人気,5.7,39.8,阪神,10,野分特別(2勝クラス),15:05,2.2,0.18
202609040810,2026-09-26,9,アジュマン,4,3,鮫島駿,0.0731972210209186,0.22836803725777677,7,7,,52.0,3.12,8.8,2.0,9.0,1.01,妙味大,5.7,39.8,阪神,10,野分特別(2勝クラス),15:05,31.0,2.27
202609040810,2026-09-26,9,ウィルサヴァイブ,7,5,横山典,0.06591423910294913,0.22360728921020714,8,8,,49.0,3.39,9.5,0.0,8.0,1.01,妙味大,5.7,39.8,阪神,10,野分特別(2勝クラス),15:05,21.0,1.38
202609040810,2026-09-26,9,ストームサンダー,9,6,斎藤,0.04403338532612998,0.1750903712319337,9,11,,34.0,3.98,11.7,3.0,12.0,1.01,妙味大,5.7,39.8,阪神,10,野分特別(2勝クラス),15:05,87.8,3.87
202609040810,2026-09-26,9,ツーネサーン,13,8,富田,0.038357817423812814,0.1587781244144786,10,13,,30.0,4.14,12.3,1.0,11.0,0.88,妙味大,5.7,39.8,阪神,10,野分特別(2勝クラス),15:05,74.9,2.87
202609040810,2026-09-26,9,シーミハットク,5,4,高杉,0.03455227456989888,0.16973397427439546,11,12,,29.0,4.91,12.6,-6.0,5.0,1.01,過剰人気,5.7,39.8,阪神,10,野分特別(2勝クラス),15:05,10.8,0.37
202609040810,2026-09-26,9,アイガーリー,14,8,菱田,0.03366847052916352,0.1500881657121404,12,14,,27.0,4.46,12.7,-6.0,6.0,0.88,過剰人気,5.7,39.8,阪神,10,野分特別(2勝クラス),15:05,19.0,0.64
202609040810,2026-09-26,9,ストップザタイム,2,2,幸,0.033193627398327874,0.17594377363512645,13,10,,29.0,5.3,12.8,-10.0,3.0,1.11,過剰人気,5.7,39.8,阪神,10,野分特別(2勝クラス),15:05,6.9,0.23
202609040810,2026-09-26,9,オーシャントライブ,6,4,小沢,0.032327330050643165,0.19495147009716918,14,9,,30.0,6.03,12.9,-1.0,13.0,1.01,妙味大,5.7,39.8,阪神,10,野分特別(2勝クラス),15:05,92.5,2.99
202609040811,2026-09-26,9,ハピ,5,3,幸,0.1251203731084356,0.25007584499412905,1,1,◎,100.0,2.0,0.0,11.0,12.0,1.01,妙味大,3.3,31.2,阪神,11,シリウスＳ(G3),15:45,24.2,3.03
202609040811,2026-09-26,9,カズタンジャー,15,8,西村淳,0.10263748778207717,0.2306994370930122,2,2,○,84.0,2.25,2.2,9.0,11.0,1.0,妙味大,3.3,31.2,阪神,11,シリウスＳ(G3),15:45,24.0,2.46
202609040811,2026-09-26,9,メイショウズイウン,3,2,石橋脩,0.09166227876655345,0.23046307655210366,3,3,▲,77.0,2.51,3.3,6.0,9.0,0.99,妙味大,3.3,31.2,阪神,11,シリウスＳ(G3),15:45,17.5,1.6
202609040811,2026-09-26,9,サイモンザナドゥ,10,5,川田,0.08891619700987348,0.21523631615128863,4,6,△,74.0,2.42,3.6,-1.0,3.0,1.01,過剰人気,3.3,31.2,阪神,11,シリウスＳ(G3),15:45,7.1,0.63
202609040811,2026-09-26,9,ルシュヴァルドール,9,5,坂井,0.08569562602816001,0.22719808142508435,5,4,△,73.0,2.65,3.9,8.0,13.0,1.01,妙味大,3.3,31.2,阪神,11,シリウスＳ(G3),15:45,24.3,2.08
202609040811,2026-09-26,9,ラムジェット,13,7,三浦,0.08313791719851368,0.21868239749310003,6,5,,71.0,2.63,4.2,-5.0,1.0,1.0,過剰人気,3.3,31.2,阪神,11,シリウスＳ(G3),15:45,3.6,0.3
202609040811,2026-09-26,9,ヴァルツァーシャル,11,6,斎藤,0.07643542175979308,0.20850253888203318,7,8,,66.0,2.73,4.9,-2.0,5.0,1.01,妙味あり,3.3,31.2,阪神,11,シリウスＳ(G3),15:45,14.7,1.12
202609040811,2026-09-26,9,ギュルヴィ,6,3,武豊,0.06622644026733156,0.21322215622117674,8,7,,60.0,3.22,5.9,-6.0,2.0,1.01,過剰人気,3.3,31.2,阪神,11,シリウスＳ(G3),15:45,4.5,0.3
202609040811,2026-09-26,9,マイノワール,12,6,浜中,0.04915824280252627,0.1782155974736025,9,9,,46.0,3.63,7.6,-2.0,7.0,1.01,妥当,3.3,31.2,阪神,11,シリウスＳ(G3),15:45,16.8,0.83
202609040811,2026-09-26,9,ダブルジョーク,8,4,池添,0.0485022731613407,0.17054589273278828,10,11,,45.0,3.52,7.7,-2.0,8.0,1.01,妥当,3.3,31.2,阪神,11,シリウスＳ(G3),15:45,17.0,0.82
202609040811,2026-09-26,9,ミッキークレスト,7,4,酒井,0.043325718313020935,0.16181776867584396,11,12,,41.0,3.73,8.2,4.0,15.0,1.01,妙味大,3.3,31.2,阪神,11,シリウスＳ(G3),15:45,70.1,3.04
202609040811,2026-09-26,9,ジューンアヲニヨシ,1,1,富田,0.035734811148569336,0.1764288058984997,12,10,,38.0,4.94,8.9,-6.0,6.0,0.99,過剰人気,3.3,31.2,阪神,11,シリウスＳ(G3),15:45,16.1,0.58
202609040811,2026-09-26,9,オニャンコポン,16,8,Ｍデムーロ,0.03161406217600096,0.11951695715486546,13,15,,30.0,3.78,9.4,1.0,14.0,1.0,妙味あり,3.3,31.2,阪神,11,シリウスＳ(G3),15:45,31.8,1.01
202609040811,2026-09-26,9,ゼットリアン,2,1,松若,0.027238845828298917,0.15478461650483433,14,13,,31.0,5.68,9.8,-4.0,10.0,0.99,過剰人気,3.3,31.2,阪神,11,シリウスＳ(G3),15:45,21.8,0.59
202609040811,2026-09-26,9,リアレスト,14,7,荻野極,0.025175610575935443,0.13669058105651563,15,14,,28.0,5.43,10.0,-11.0,4.0,1.0,過剰人気,3.3,31.2,阪神,11,シリウスＳ(G3),15:45,11.7,0.29
202609040811,2026-09-26,9,ダイシンピスケス,4,2,松本,0.019418694073569522,0.10791993169112243,16,16,,22.0,5.56,10.6,0.0,16.0,0.99,妙味大,3.3,31.2,阪神,11,シリウスＳ(G3),15:45,165.5,3.21
202609040812,2026-09-26,9,アスゴッド,12,6,古川奈,0.08986989351934438,0.22114082626518208,1,1,◎,100.0,2.46,0.0,,,1.02,,1.4,33.8,阪神,12,３歳以上２勝クラス,16:30,,
202609040812,2026-09-26,9,ザウリ,4,2,松若,0.0855518883799025,0.20163459250754778,2,5,○,94.0,2.36,0.4,,,0.88,,1.4,33.8,阪神,12,３歳以上２勝クラス,16:30,,
202609040812,2026-09-26,9,ダズリングダンス,16,8,川須,0.07553692450122289,0.19040718389351538,3,9,▲,85.0,2.52,1.4,,,1.1,,1.4,33.8,阪神,12,３歳以上２勝クラス,16:30,,
202609040812,2026-09-26,9,インディゴアスール,8,4,松山,0.07378026686700642,0.21951011710707255,4,2,△,87.0,2.98,1.6,,,1.02,,1.4,33.8,阪神,12,３歳以上２勝クラス,16:30,,
202609040812,2026-09-26,9,ゴールデンバランス,6,3,和田陽,0.073551534726027,0.18742921719475839,5,10,△,83.0,2.55,1.6,,,1.02,,1.4,33.8,阪神,12,３歳以上２勝クラス,16:30,,
202609040812,2026-09-26,9,タイセイディアマン,7,4,岩田望,0.07304905137645834,0.19391758109509752,6,7,,83.0,2.65,1.7,,,1.02,,1.4,33.8,阪神,12,３歳以上２勝クラス,16:30,,
202609040812,2026-09-26,9,スターウェーブ,1,1,三浦,0.07091511630177622,0.21331802932956348,7,3,,83.0,3.01,1.9,,,0.88,,1.4,33.8,阪神,12,３歳以上２勝クラス,16:30,,
202609040812,2026-09-26,9,キャッチアシーフ,11,6,河原田,0.06886165025808343,0.17862639437950514,8,11,,78.0,2.59,2.1,,,1.02,,1.4,33.8,阪神,12,３歳以上２勝クラス,16:30,,
202609040812,2026-09-26,9,レッドレベンディス,2,1,武豊,0.0669022785804613,0.20387996026430283,9,4,,79.0,3.05,2.3,,,0.88,,1.4,33.8,阪神,12,３歳以上２勝クラス,16:30,,
202609040812,2026-09-26,9,ブルーノート,5,3,藤懸,0.05736659007950124,0.17708388537046213,10,12,,68.0,3.09,3.3,,,1.02,,1.4,33.8,阪神,12,３歳以上２勝クラス,16:30,,
202609040812,2026-09-26,9,ヒットミー,14,7,荻野極,0.05504075928023981,0.16974326527812922,11,13,,65.0,3.08,3.5,,,1.1,,1.4,33.8,阪神,12,３歳以上２勝クラス,16:30,,
202609040812,2026-09-26,9,ニホンピロカラット,10,5,田口,0.052839616843309505,0.19800147593074457,12,6,,67.0,3.75,3.7,,,1.02,,1.4,33.8,阪神,12,３歳以上２勝クラス,16:30,,
202609040812,2026-09-26,9,タイセイピューマ,3,2,大野,0.04056566024113777,0.19054390708051244,13,8,,56.0,4.7,4.9,,,0.88,,1.4,33.8,阪神,12,３歳以上２勝クラス,16:30,,
202609040812,2026-09-26,9,ストロングボンド,15,8,吉田隼,0.04017763812490614,0.15620456796276122,14,15,,51.0,3.89,5.0,,,1.1,,1.4,33.8,阪神,12,３歳以上２勝クラス,16:30,,
202609040812,2026-09-26,9,シュバルツガイスト,9,5,今村,0.03812668860295352,0.1573752689659139,15,14,,50.0,4.13,5.2,,,1.02,,1.4,33.8,阪神,12,３歳以上２勝クラス,16:30,,
202609040812,2026-09-26,9,ランドスター,13,7,永島,0.03786444231766958,0.14118372737493112,16,16,,48.0,3.73,5.2,,,1.1,,1.4,33.8,阪神,12,３歳以上２勝クラス,16:30,,
